runtime_options_項目1,runtime_options_項目2,runtime_options_項目3,runtime_options_項目4,runtime_options_項目5,runtime_options_項目6,runtime_options_項目7,runtime_options_項目8,runtime_options_項目9,runtime_options_項目10,runtime_options_項目11,runtime_options_項目12,runtime_options_項目13,runtime_options_項目14,runtime_options_項目15
Data08-Data08_01-,日本語値1,"カンマ,入り1","ダブルクォート ""重要1""","","改行を含む
値1",全7行中1行目,Data08_01-runtime_options-1-8,Data08_01-runtime_options-1-9,Data08_01-runtime_options-1-10,Data08_01-runtime_options-1-11,Data08_01-runtime_options-1-12,Data08_01-runtime_options-1-13,Data08_01-runtime_options-1-14,列数15
Data08-Data08_01-,日本語値2,"カンマ,入り2","ダブルクォート ""重要2""","","改行を含む
値2",全7行中2行目,Data08_01-runtime_options-2-8,Data08_01-runtime_options-2-9,Data08_01-runtime_options-2-10,Data08_01-runtime_options-2-11,Data08_01-runtime_options-2-12,Data08_01-runtime_options-2-13,Data08_01-runtime_options-2-14,列数15
Data08-Data08_01-,日本語値3,"カンマ,入り3","ダブルクォート ""重要3""","","改行を含む
値3",全7行中3行目,Data08_01-runtime_options-3-8,Data08_01-runtime_options-3-9,Data08_01-runtime_options-3-10,Data08_01-runtime_options-3-11,Data08_01-runtime_options-3-12,Data08_01-runtime_options-3-13,Data08_01-runtime_options-3-14,列数15
Data08-Data08_01-,日本語値4,"カンマ,入り4","ダブルクォート ""重要4""","","改行を含む
値4",全7行中4行目,Data08_01-runtime_options-4-8,Data08_01-runtime_options-4-9,Data08_01-runtime_options-4-10,Data08_01-runtime_options-4-11,Data08_01-runtime_options-4-12,Data08_01-runtime_options-4-13,Data08_01-runtime_options-4-14,列数15
Data08-Data08_01-,日本語値5,"カンマ,入り5","ダブルクォート ""重要5""","","改行を含む
値5",全7行中5行目,Data08_01-runtime_options-5-8,Data08_01-runtime_options-5-9,Data08_01-runtime_options-5-10,Data08_01-runtime_options-5-11,Data08_01-runtime_options-5-12,Data08_01-runtime_options-5-13,Data08_01-runtime_options-5-14,列数15
Data08-Data08_01-,日本語値6,"カンマ,入り6","ダブルクォート ""重要6""","","改行を含む
値6",全7行中6行目,Data08_01-runtime_options-6-8,Data08_01-runtime_options-6-9,Data08_01-runtime_options-6-10,Data08_01-runtime_options-6-11,Data08_01-runtime_options-6-12,Data08_01-runtime_options-6-13,Data08_01-runtime_options-6-14,列数15
Data08-Data08_01-,日本語値7,"カンマ,入り7","ダブルクォート ""重要7""","","改行を含む
値7",全7行中7行目,Data08_01-runtime_options-7-8,Data08_01-runtime_options-7-9,Data08_01-runtime_options-7-10,Data08_01-runtime_options-7-11,Data08_01-runtime_options-7-12,Data08_01-runtime_options-7-13,Data08_01-runtime_options-7-14,列数15
