input_parameters_項目1,input_parameters_項目2,input_parameters_項目3,input_parameters_項目4,input_parameters_項目5,input_parameters_項目6,input_parameters_項目7,input_parameters_項目8,input_parameters_項目9,input_parameters_項目10,input_parameters_項目11,input_parameters_項目12
Data03-Data03_03-,日本語値1,"カンマ,入り1","ダブルクォート ""重要1""","","改行を含む
値1",全9行中1行目,Data03_03-input_parameters-1-8,Data03_03-input_parameters-1-9,Data03_03-input_parameters-1-10,Data03_03-input_parameters-1-11,列数12
Data03-Data03_03-,日本語値2,"カンマ,入り2","ダブルクォート ""重要2""","","改行を含む
値2",全9行中2行目,Data03_03-input_parameters-2-8,Data03_03-input_parameters-2-9,Data03_03-input_parameters-2-10,Data03_03-input_parameters-2-11,列数12
Data03-Data03_03-,日本語値3,"カンマ,入り3","ダブルクォート ""重要3""","","改行を含む
値3",全9行中3行目,Data03_03-input_parameters-3-8,Data03_03-input_parameters-3-9,Data03_03-input_parameters-3-10,Data03_03-input_parameters-3-11,列数12
Data03-Data03_03-,日本語値4,"カンマ,入り4","ダブルクォート ""重要4""","","改行を含む
値4",全9行中4行目,Data03_03-input_parameters-4-8,Data03_03-input_parameters-4-9,Data03_03-input_parameters-4-10,Data03_03-input_parameters-4-11,列数12
Data03-Data03_03-,日本語値5,"カンマ,入り5","ダブルクォート ""重要5""","","改行を含む
値5",全9行中5行目,Data03_03-input_parameters-5-8,Data03_03-input_parameters-5-9,Data03_03-input_parameters-5-10,Data03_03-input_parameters-5-11,列数12
Data03-Data03_03-,日本語値6,"カンマ,入り6","ダブルクォート ""重要6""","","改行を含む
値6",全9行中6行目,Data03_03-input_parameters-6-8,Data03_03-input_parameters-6-9,Data03_03-input_parameters-6-10,Data03_03-input_parameters-6-11,列数12
Data03-Data03_03-,日本語値7,"カンマ,入り7","ダブルクォート ""重要7""","","改行を含む
値7",全9行中7行目,Data03_03-input_parameters-7-8,Data03_03-input_parameters-7-9,Data03_03-input_parameters-7-10,Data03_03-input_parameters-7-11,列数12
Data03-Data03_03-,日本語値8,"カンマ,入り8","ダブルクォート ""重要8""","","改行を含む
値8",全9行中8行目,Data03_03-input_parameters-8-8,Data03_03-input_parameters-8-9,Data03_03-input_parameters-8-10,Data03_03-input_parameters-8-11,列数12
Data03-Data03_03-,日本語値9,"カンマ,入り9","ダブルクォート ""重要9""","","改行を含む
値9",全9行中9行目,Data03_03-input_parameters-9-8,Data03_03-input_parameters-9-9,Data03_03-input_parameters-9-10,Data03_03-input_parameters-9-11,列数12
