customers_項目1,customers_項目2,customers_項目3,customers_項目4,customers_項目5,customers_項目6,customers_項目7
Data03-Data03_02-,日本語値1,"カンマ,入り1","ダブルクォート ""重要1""","","改行を含む
値1",全20行中1行目
Data03-Data03_02-,日本語値2,"カンマ,入り2","ダブルクォート ""重要2""","","改行を含む
値2",全20行中2行目
Data03-Data03_02-,日本語値3,"カンマ,入り3","ダブルクォート ""重要3""","","改行を含む
値3",全20行中3行目
Data03-Data03_02-,日本語値4,"カンマ,入り4","ダブルクォート ""重要4""","","改行を含む
値4",全20行中4行目
Data03-Data03_02-,日本語値5,"カンマ,入り5","ダブルクォート ""重要5""","","改行を含む
値5",全20行中5行目
Data03-Data03_02-,日本語値6,"カンマ,入り6","ダブルクォート ""重要6""","","改行を含む
値6",全20行中6行目
Data03-Data03_02-,日本語値7,"カンマ,入り7","ダブルクォート ""重要7""","","改行を含む
値7",全20行中7行目
Data03-Data03_02-,日本語値8,"カンマ,入り8","ダブルクォート ""重要8""","","改行を含む
値8",全20行中8行目
Data03-Data03_02-,日本語値9,"カンマ,入り9","ダブルクォート ""重要9""","","改行を含む
値9",全20行中9行目
Data03-Data03_02-,日本語値10,"カンマ,入り10","ダブルクォート ""重要10""","","改行を含む
値10",全20行中10行目
Data03-Data03_02-,日本語値11,"カンマ,入り11","ダブルクォート ""重要11""","","改行を含む
値11",全20行中11行目
Data03-Data03_02-,日本語値12,"カンマ,入り12","ダブルクォート ""重要12""","","改行を含む
値12",全20行中12行目
Data03-Data03_02-,日本語値13,"カンマ,入り13","ダブルクォート ""重要13""","","改行を含む
値13",全20行中13行目
Data03-Data03_02-,日本語値14,"カンマ,入り14","ダブルクォート ""重要14""","","改行を含む
値14",全20行中14行目
Data03-Data03_02-,日本語値15,"カンマ,入り15","ダブルクォート ""重要15""","","改行を含む
値15",全20行中15行目
Data03-Data03_02-,日本語値16,"カンマ,入り16","ダブルクォート ""重要16""","","改行を含む
値16",全20行中16行目
Data03-Data03_02-,日本語値17,"カンマ,入り17","ダブルクォート ""重要17""","","改行を含む
値17",全20行中17行目
Data03-Data03_02-,日本語値18,"カンマ,入り18","ダブルクォート ""重要18""","","改行を含む
値18",全20行中18行目
Data03-Data03_02-,日本語値19,"カンマ,入り19","ダブルクォート ""重要19""","","改行を含む
値19",全20行中19行目
Data03-Data03_02-,日本語値20,"カンマ,入り20","ダブルクォート ""重要20""","","改行を含む
値20",全20行中20行目
