products_項目1,products_項目2,products_項目3,products_項目4,products_項目5,products_項目6,products_項目7,products_項目8,products_項目9
Data03-Data03_02-,日本語値1,"カンマ,入り1","ダブルクォート ""重要1""","","改行を含む
値1",全15行中1行目,Data03_02-products-1-8,列数9
Data03-Data03_02-,日本語値2,"カンマ,入り2","ダブルクォート ""重要2""","","改行を含む
値2",全15行中2行目,Data03_02-products-2-8,列数9
Data03-Data03_02-,日本語値3,"カンマ,入り3","ダブルクォート ""重要3""","","改行を含む
値3",全15行中3行目,Data03_02-products-3-8,列数9
Data03-Data03_02-,日本語値4,"カンマ,入り4","ダブルクォート ""重要4""","","改行を含む
値4",全15行中4行目,Data03_02-products-4-8,列数9
Data03-Data03_02-,日本語値5,"カンマ,入り5","ダブルクォート ""重要5""","","改行を含む
値5",全15行中5行目,Data03_02-products-5-8,列数9
Data03-Data03_02-,日本語値6,"カンマ,入り6","ダブルクォート ""重要6""","","改行を含む
値6",全15行中6行目,Data03_02-products-6-8,列数9
Data03-Data03_02-,日本語値7,"カンマ,入り7","ダブルクォート ""重要7""","","改行を含む
値7",全15行中7行目,Data03_02-products-7-8,列数9
Data03-Data03_02-,日本語値8,"カンマ,入り8","ダブルクォート ""重要8""","","改行を含む
値8",全15行中8行目,Data03_02-products-8-8,列数9
Data03-Data03_02-,日本語値9,"カンマ,入り9","ダブルクォート ""重要9""","","改行を含む
値9",全15行中9行目,Data03_02-products-9-8,列数9
Data03-Data03_02-,日本語値10,"カンマ,入り10","ダブルクォート ""重要10""","","改行を含む
値10",全15行中10行目,Data03_02-products-10-8,列数9
Data03-Data03_02-,日本語値11,"カンマ,入り11","ダブルクォート ""重要11""","","改行を含む
値11",全15行中11行目,Data03_02-products-11-8,列数9
Data03-Data03_02-,日本語値12,"カンマ,入り12","ダブルクォート ""重要12""","","改行を含む
値12",全15行中12行目,Data03_02-products-12-8,列数9
Data03-Data03_02-,日本語値13,"カンマ,入り13","ダブルクォート ""重要13""","","改行を含む
値13",全15行中13行目,Data03_02-products-13-8,列数9
Data03-Data03_02-,日本語値14,"カンマ,入り14","ダブルクォート ""重要14""","","改行を含む
値14",全15行中14行目,Data03_02-products-14-8,列数9
Data03-Data03_02-,日本語値15,"カンマ,入り15","ダブルクォート ""重要15""","","改行を含む
値15",全15行中15行目,Data03_02-products-15-8,列数9
