orders_項目1,orders_項目2,orders_項目3,orders_項目4,orders_項目5,orders_項目6,orders_項目7,orders_項目8
Data06-Data06_03-,日本語値1,"カンマ,入り1","ダブルクォート ""重要1""","","改行を含む
値1",全8行中1行目,列数8
Data06-Data06_03-,日本語値2,"カンマ,入り2","ダブルクォート ""重要2""","","改行を含む
値2",全8行中2行目,列数8
Data06-Data06_03-,日本語値3,"カンマ,入り3","ダブルクォート ""重要3""","","改行を含む
値3",全8行中3行目,列数8
Data06-Data06_03-,日本語値4,"カンマ,入り4","ダブルクォート ""重要4""","","改行を含む
値4",全8行中4行目,列数8
Data06-Data06_03-,日本語値5,"カンマ,入り5","ダブルクォート ""重要5""","","改行を含む
値5",全8行中5行目,列数8
Data06-Data06_03-,日本語値6,"カンマ,入り6","ダブルクォート ""重要6""","","改行を含む
値6",全8行中6行目,列数8
Data06-Data06_03-,日本語値7,"カンマ,入り7","ダブルクォート ""重要7""","","改行を含む
値7",全8行中7行目,列数8
Data06-Data06_03-,日本語値8,"カンマ,入り8","ダブルクォート ""重要8""","","改行を含む
値8",全8行中8行目,列数8
